{
  "MAE": 0.03725485898418952,
  "RMSE": 0.048459665351184525,
  "R2": 0.8651403914566956
}